node_knockout,4342
codeforall_ire,72
homes4geeks,124
tulsawebdevs,289
jack,2453223
rsofman,107
jraitamaa,55576
TheSteve0,1779
njbowden,354
dallant,2672
mattcutts,283936
rklau,15007
haileypate,169
ArmediaLLC,1142
govloop,14145
mchui,3783
barromatt,246
mozilla,22633
mozstudents,2729
Basegirl,82
CodeForMiami,60
mbta_alerts,10772
oaklandwiki,590
seattleio,15
archlinux,18918
fedora,29653
billm950,1156
RedHatNews,41112
loribush,678
laurendyson,1245
marc_dacosta,139
explain_analyze,61
SteveCase,620498
dziemid,295
YayNickQ,810
SigFigInsights,1254
alephbass,1015
mollieruskin,679
_beechnut,255
511SFBay,21045
rickasaurus,4015
hal_sk,2493
reidserozi,477
sethdvincent,291
PeopleBrowsr,29784
measuredvoice,560
WheresHJ,93
hubcreatehq,406
passy,1029
kalengallagher,1014
mtrejo_danton,55
code4japan,39
azavea,1488
greggish,865
Neighborly,2474
vielmetti,3555
victoria_bogdan,664
andrewmaier,4468
EmilyTav,1375
jukesie,1660
_jden,1279
mattboitan0,95
marinakukso,196
kmerritt,1903
chrismetcalf,749
DataMadeCo,56
jaffathecake,8795
wbushey,181
trishacodes,559
jwhitlock,238
5imian,180
IgniteTulsa,1270
200okconf,184
CodeForTulsa,129
MTBracken,6729
gdsteam,24474
giangonz,692
gloddy,752
openshift_ops,1042
openshift,22713
SmartProcureUS,225
rsm,2265
michihonda,163
DataSmartCities,772
the_jay_CO,485
ryanj,838
ztownsend,576
philipashlock,2551
ArthurBurris,124
MayorSlyJames,16531
briangryth,1076
gurulloyd,324
Textizen,604
ArchiveSocial,493
Gailmroper,134
elof,1215
CodeForTheCarib,82
TrepCenter,1127
dzello,2203
shanley,8016
carriebish,3325
edibleoffice,451
prashix,64
dcstpaul,1663
benberkowitz,3548
RecordTrac,15
SmartChicago,885
streetmixapp,408
BenBalter,1887
gocityvoice,43
biblauer,372
KauffmanFDN,38973
LvilleCIO,438
shaunak,222
eads,1243
CodeForBoston,284
TechnicallyPHL,12125
ERP_cindyjutras,2076
hackanoon,818
Bytemarks,6702
BetaNYC,439
jakebrewer,5056
mheadd,4016
leanstartup,26257
jgmize,254
dominiccampbell,12854
glenc,1145
david_edinger,21
SocialCompany,6098
tamirnovotny,261
southard,295
UWESociety,473
DeanZambrano,1117
justgrimes,2168
solv17,581
IanJKalin,524
nsjacob,1916
drew,22362
cshirky,290839
HackVT,513
BradleyHolt,1431
CodeForBTV,163
alexknowshtml,8286
digiphile,195137
cbracy,3230
codewars,960
wfong_sf,158
_tweetails_,61649
DriftyCo,457
codiqa,2571
jetstrap,4134
maxlynch,2374
drapergeek,101
ruark,325
nest,36497
thisishackeryou,1353
NYTM,12087
pennappslabs,66
yefim,259
hackNY,4637
justinyzhang,11
badboyboyce,3234
rjvir,2271
conradev,4067
YaleHack,97
StartupLJackson,10655
steveburnett,1242
JustinRMelville,302
geojsonio,184
JLonganecker,55
naaap,885
BankersUmbrella,9105
EricRaio,1491
shervin,52400
mlevchin,69845
rabois,56428
kylehardgrave,334
goranhalusa,550
emostar,344
drewinglis,308
_tessr,2069
MatthewHartl,4
RattrayAlex,215
CITorg,174
mattty,145
hackerleague,1303
Jacob_Henner,119
pulakm,625
MichiganHackers,364
MattBailey0,340
weiglemc,54
hanysalaheldeen,121
justinfbrunelle,90
ZhanglerFish,152
SwiftAlphaOne,1572
samestrin,534
gklst,14911
rekatz,10114
candicodeit,1051
michemiche123,60
