mukundmohan,14479
P2PEngagement,16044
printedthreads,4868
MichaelMonturo,1196
mtrejo_danton,55
AskCiti,13053
bensheldon,925
TamaraMP,560
haileypate,169
MonbackTweets,438
PeterErikssen,12075
WestfieldSFC,828
goranhalusa,550
greggish,865
_beechnut,255
wbushey,181
mattboitan0,95
CivicWhitaker,1471
CFARemoteReport,1
marinakukso,196
localwiki,1102
hubcreatehq,406
CodeForTulsa,129
trishacodes,559
SmartProcureUS,225
copelco,268
ArchiveSocial,493
TheAppPage,76663
gloddy,752
MayorSlyJames,16531
rsm,2265
jraitamaa,55576
gurulloyd,324
elof,1215
seymourpurple,395
southard,295
Bytemarks,6702
GoLocalData,763
biblauer,372
jgmize,254
UWESociety,473
BradleyHolt,1431
CodeForBTV,163
kirk_pj,10217
Karlololol,78
cydharrell,1887
nolewalkingshaw,95
krazykriz,3452
ondrek,1260
livezlife,44848
GIUPHQ,17210
EricRaio,1491
ProximoMktg,587
BankersUmbrella,9105
userapp_io,191
MattBailey0,340
ParseIt,10723
MattRaeTravel,7666
ageekmom,8965
DBiggiogero,2060
ShinyComputers,118
stylfolio,3
LearnWithAIMS,20
professorfee,27
MsLadi_Kay,351
b1205,298
michemiche123,60
jquery_rain,45206
brett7three,30694
vu0tran,20964
athensholloway,229
spara,1094
PhilWalzer,327
srcreigh,124
MatthewHartl,4
brucehaupt,360
ajawitz,6
EvansML,659
monsoonva,115
Sunrisecafevb,207
kris_trujillo,291
NB_Gov,6071
757HUG,654
WoduStudios,1644
adaptivepattern,630
_BMF_,121
geekyninja93,81
RECSOLU,526
RecPass,352
AlexJSfamurri,48
RedfernNicholas,905
ODUWalktoEndAlz,205
cka757,2811
Panavoir,446
ricowyder,12648
michaelwillits,123
codeforamerica,21273
StartSomeGood,24702
stanleymacloo,1464
CarlMBishop,22312
FoundOpenGov,1103
inautilo,755
VAYPSummit,70
jeromepatrickjr,1035
MethCS5,66
Vilord13,4318
qualitylow,106
cruzinedesign,12647
webrevisions,809
JohanneCruz4Bqe,6422
Logoking13,4270
artsmithmedia,218
OneDuckCreative,257
ACeCallwood,1023
EasyVectors,23854
freebievectors,18424
JacobyDuBose,218
boboroshi,1431
patrickmwilson,1206
_NicoleScoggins,430
alisonheittman,867
CiaraFischer,191
seanmerron,65
JoeFuller757,277
young_zach,452
stevepresley,513
RobertPatinsen,19659
ashby802,1363
trebsirk,17
B1zzle,743
ClyntonC,342
manassampat,243
TravisWebbUSA,91
aplusstocks,18432
757sean,331
Meme_of_Matt,48
mobchow,231
damnedagitator,317
13VanessaCoria,2561
JeffSelf,396
QuaziMA2012,4
mapinfo,2760
ChanningTyner,714
visualizepeace4,36
JHicks_HomePro,1626
KenR_Recruiter,134
arcphor,6372
jamesfmackenzie,773
binhdong,74
ruizm001,346
analogmedia,2363
LA0811,415
Horzel_webOS,44
iamchristine_d,493
SimonSikorskiMD,4625
Sha_Not_Nice,362
ODUTechstore,39
emulsion,300
Missy_Schmidt,785
wsmitchell,257
OKFNUS,554
13JasonWalsh,3758
CoxHelp,4267
UXPANorfolk,77
SamiaShambuck,375
italiaopendata,738
White__Knuckles,359
HRoadsSocial,1206
OrderUpNorfolk,242
battleofnations,257
spaley,1469
acroll,12557
HackForWestMA,145
jillnolin,484
harrybotboy,1
KirkDBorne,6213
lynnaloo,353
Samuel_Clemons,98412
chrisboredom,20
eZShapeShifteR,155
SALCEvents,57
bottaro,282
Imdsm,401
ProNetworkBuild,215689
chesapeakebay,10439
Steveology,109925
ThomasJCharles,614
Stratacticalco,260
Startup_VA,2519
StartNorfolk,590
SiliconAnchor,314
hatchnorfolk,395
My7CitiesVA,7760
Garin,370537
AkAChinaDoll,104
Omarmasry,622
dasjoshua,384291
competitionline,14815
URISA,3608
civichackingday,525
